Model,Perplexity,Time,Size,BLEU,TOPSIS Score,Rank
gpt2,20,0.8,500,32,0.5735297638521886,2.0
distilgpt2,25,0.5,300,29,0.7449273724054711,1.0
gpt-neo-125M,18,1.2,750,35,0.25507262759452887,4.0
opt-350m,22,0.9,700,33,0.32089786163909806,3.0
